전략,청산,건수,평균,승률,합계
후발주 유지0분 밴드1~4%,고정 -3/+5,11,-0.89,27,-9.8
후발주 유지0분 밴드1~4%,고정 -2.5/+3,11,-0.8,27,-8.8
후발주 유지0분 밴드1~4%,고정 -4/+3,11,-0.77,27,-8.4
후발주 유지0분 밴드1~4%,종가보유,11,-0.77,27,-8.4
후발주 유지0분 밴드1~4%,트레일(새규칙),11,-0.11,36,-1.2
후발주 유지0분 밴드2.5~5%,고정 -3/+5,10,0.36,40,3.6
후발주 유지0분 밴드2.5~5%,고정 -2.5/+3,10,-0.11,40,-1.1
후발주 유지0분 밴드2.5~5%,고정 -4/+3,10,-0.2,40,-2.0
후발주 유지0분 밴드2.5~5%,종가보유,10,0.23,30,2.3
후발주 유지0분 밴드2.5~5%,트레일(새규칙),10,0.54,50,5.4
후발주 유지0분 밴드3~6%,고정 -3/+5,10,0.91,50,9.1
후발주 유지0분 밴드3~6%,고정 -2.5/+3,10,0.24,50,2.4
후발주 유지0분 밴드3~6%,고정 -4/+3,10,0.06,50,0.6
후발주 유지0분 밴드3~6%,종가보유,10,0.38,40,3.8
후발주 유지0분 밴드3~6%,트레일(새규칙),10,0.65,50,6.5
후발주 유지20분 밴드1~4%,고정 -3/+5,9,0.16,33,1.5
후발주 유지20분 밴드1~4%,고정 -2.5/+3,9,-0.42,33,-3.8
후발주 유지20분 밴드1~4%,고정 -4/+3,9,-0.28,33,-2.5
후발주 유지20분 밴드1~4%,종가보유,9,0.07,33,0.7
후발주 유지20분 밴드1~4%,트레일(새규칙),9,0.51,56,4.6
후발주 유지20분 밴드2.5~5%,고정 -3/+5,8,1.68,62,13.4
후발주 유지20분 밴드2.5~5%,고정 -2.5/+3,8,0.74,62,5.9
후발주 유지20분 밴드2.5~5%,고정 -4/+3,8,0.82,62,6.6
후발주 유지20분 밴드2.5~5%,종가보유,8,1.61,62,12.8
후발주 유지20분 밴드2.5~5%,트레일(새규칙),8,1.07,62,8.5
후발주 유지20분 밴드3~6%,고정 -3/+5,9,2.0,67,18.0
후발주 유지20분 밴드3~6%,고정 -2.5/+3,9,0.94,67,8.5
후발주 유지20분 밴드3~6%,고정 -4/+3,9,1.01,67,9.1
후발주 유지20분 밴드3~6%,종가보유,9,2.58,67,23.2
후발주 유지20분 밴드3~6%,트레일(새규칙),9,1.35,67,12.1
후발주 유지30분 밴드1~4%,고정 -3/+5,10,2.0,70,20.0
후발주 유지30분 밴드1~4%,고정 -2.5/+3,10,1.3,70,13.0
후발주 유지30분 밴드1~4%,고정 -4/+3,10,1.21,70,12.1
후발주 유지30분 밴드1~4%,종가보유,10,1.87,70,18.7
후발주 유지30분 밴드1~4%,트레일(새규칙),10,1.78,90,17.8
후발주 유지30분 밴드2.5~5%,고정 -3/+5,10,1.28,60,12.8
후발주 유지30분 밴드2.5~5%,고정 -2.5/+3,10,0.76,60,7.6
후발주 유지30분 밴드2.5~5%,고정 -4/+3,10,0.74,60,7.4
후발주 유지30분 밴드2.5~5%,종가보유,10,0.7,50,7.0
후발주 유지30분 밴드2.5~5%,트레일(새규칙),10,1.05,80,10.5
후발주 유지30분 밴드3~6%,고정 -3/+5,9,1.0,56,9.0
후발주 유지30분 밴드3~6%,고정 -2.5/+3,9,0.31,56,2.8
후발주 유지30분 밴드3~6%,고정 -4/+3,9,0.35,56,3.1
후발주 유지30분 밴드3~6%,종가보유,9,0.46,44,4.1
후발주 유지30분 밴드3~6%,트레일(새규칙),9,0.92,67,8.2
대장 눌림목,고정 -3/+5,2,-0.5,50,-1.0
대장 눌림목,고정 -2.5/+3,2,-2.5,0,-5.0
대장 눌림목,고정 -4/+3,2,0.62,50,1.2
대장 눌림목,종가보유,2,0.12,50,0.2
대장 눌림목,트레일(새규칙),2,-0.9,0,-1.8
거래폭발 ×4,고정 -3/+5,6,-1.67,17,-10.0
거래폭발 ×4,고정 -2.5/+3,6,-1.58,17,-9.5
거래폭발 ×4,고정 -4/+3,6,-0.03,50,-0.2
거래폭발 ×4,종가보유,6,-4.89,17,-29.4
거래폭발 ×4,트레일(새규칙),6,-0.1,33,-0.6
거래폭발 ×5,고정 -3/+5,6,-0.52,33,-3.1
거래폭발 ×5,고정 -2.5/+3,6,-1.29,17,-7.8
거래폭발 ×5,고정 -4/+3,6,0.51,50,3.1
거래폭발 ×5,종가보유,6,-1.23,33,-7.4
거래폭발 ×5,트레일(새규칙),6,-0.6,50,-3.6
거래폭발 ×7,고정 -3/+5,6,0.51,33,3.1
거래폭발 ×7,고정 -2.5/+3,6,-0.9,17,-5.4
거래폭발 ×7,고정 -4/+3,6,0.68,50,4.1
거래폭발 ×7,종가보유,6,1.13,33,6.8
거래폭발 ×7,트레일(새규칙),6,0.09,50,0.5
