date,key,name,lead,lead_pct,t
20261005,theme112,공기청정기,성호전자,10.2,09:11
20261005,theme12,반도체 장비,네오셈,7.1,09:11
20261005,theme144,방위산업/전쟁 및 테러,RF머트리얼즈,7.7,09:11
20261005,theme180,석유화학,SK이노베이션,8.4,09:11
20261005,theme188,풍력에너지,LS머트리얼즈,9.9,09:11
20261005,theme191,태양광에너지,대주전자재료,12.3,09:11
20261005,theme200,우주항공산업(누리호/인공위성 등),나라스페이스테크놀로지,20.7,09:11
20261005,theme227,전기차,성호전자,10.2,09:11
20261005,theme250,철도,와이어블,18.6,09:11
20261005,theme27,자동차부품,덕우전자,17.9,09:11
20261005,theme279,스마트폰,디케이티,8.4,09:11
20261005,theme287,PCB(FPCB 등),롯데에너지머티리얼즈,19.0,09:11
20261005,theme329,전력저장장치(ESS),디케이티,8.4,09:11
20261005,theme33,LED,빛샘전자,12.8,09:11
20261005,theme362,자율주행차,한라캐스트,8.6,09:11
20261005,theme373,5G(5세대 이동통신),우리로,12.6,09:11
20261005,theme386,수소에너지(수소차/연료전지 등),원일티엔아이,18.3,09:11
20261005,theme422,日 수출 규제(국산화 등),우리로,12.6,09:11
20261005,theme426,양자암호/양자컴퓨팅,우리로,12.6,09:11
20261005,theme445,2차전지(장비),펨트론,7.9,09:11
20261005,theme446,2차전지(소재/부품),롯데에너지머티리얼즈,19.0,09:11
20261005,theme472,2차전지(전고체),롯데에너지머티리얼즈,19.0,09:11
20261005,theme500,폐배터리,SK이노베이션,8.4,09:11
20261005,theme505,로봇(산업용/협동로봇 등),브릴스,12.2,09:11
20261005,theme531,STO(토큰증권 발행),우리기술투자,7.2,09:11
20261005,theme547,CXL(컴퓨트익스프레스링크),오킨스전자,11.9,09:11
20261005,theme559,고체산화물 연료전지(SOFC),LS머트리얼즈,9.9,09:11
20261005,theme560,냉각시스템(액침냉각 등),S-Oil,10.8,09:11
20261005,theme584,스페이스X(SpaceX),센서뷰,8.0,09:11
20261005,theme586,광통신(광케이블/광섬유 등),티엠씨,29.9,09:11
20261005,theme587,피지컬 AI/휴머노이드 로봇,한라캐스트,8.6,09:11
20261005,theme595,우주태양광(페로브스카이트 등),대주전자재료,12.3,09:11
20261005,theme599,소캠(SOCAMM),펨트론,7.9,09:11
20261005,theme64,2차전지,롯데에너지머티리얼즈,19.0,09:11
20261005,theme79,자원개발,SK이노베이션,8.4,09:11
20261005,theme9,OLED(유기 발광 다이오드),에이치브이엠,7.9,09:11
20261005,theme92,통신장비,티엠씨,29.9,09:11
20261005,theme99,지능형로봇/인공지능(AI),에스투더블유,9.4,09:11
20261005,upjong270,자동차부품,한라캐스트,8.6,09:11
20261005,upjong282,전자장비와기기,롯데에너지머티리얼즈,19.0,09:11
20261005,upjong283,전기제품,피노,12.0,09:11
20261005,upjong284,우주항공과국방,나라스페이스테크놀로지,20.7,09:11
20261005,upjong292,핸드셋,덕우전자,17.9,09:11
20261005,upjong294,통신장비,머큐리,29.8,09:11
20261005,upjong295,에너지장비및서비스,원일티엔아이,18.3,09:11
20261005,upjong299,기계,디케이락,15.4,09:11
20261005,upjong322,비철금속,에이치브이엠,7.9,09:11
