시각,code,name,알람가,점수,당일등락,30분,60분,최고,현재,유형,손익비,연속,VWAP위,코스닥,지지,저항,단골,상승비율,최저,청산알림,손절,목표1,목표2
20260916_1101,004310,현대약품,10420,96.2,2.96,-2.3,-0.48,0.0,-2.3,,,,,,,,,,-3.45,이탈,,,
20260916_1120,043260,성호전자,18680,86.4,11.12,-2.57,-2.3,0.0,-0.37,돌파,,,,,,,,,-0.59,,,,
20260916_1120,336260,두산퓨얼셀,51100,89.1,-0.97,0.98,-0.78,1.17,0.59,돌파,,,,,,,,,-0.39,,,,
20260916_1130,413630,씨피시스템,5010,110.6,11.33,3.59,-0.3,5.59,-7.29,돌파,,,,,,,,,-7.68,이탈,,,
20260916_1130,089030,테크윙,44800,93.0,1.59,0.89,0.45,1.67,1.67,돌파,,,,,,,,,1.0,,,,
20260916_1130,010170,대한광통신,15700,94.7,11.03,2.93,3.5,5.03,2.87,돌파,,,,,,,,,1.4,,,,
20260916_1139,050890,쏠리드,9320,97.1,6.51,-1.61,-2.15,0.0,-2.15,돌파,,,,,,,,,-2.68,이탈,,,
20260916_1158,0011A0,액스비스,13240,104.2,8.44,-3.85,-5.51,0.0,-5.59,돌파,,,,,,,,,-5.59,이탈,,,
20260916_1158,039030,이오테크닉스,463000,91.7,3.7,-0.22,-0.11,0.97,0.86,돌파,,,,,,,,,0.22,,,,
20260916_1217,046970,우리로,7630,99.9,7.31,-4.85,-2.88,0.0,-5.64,돌파,,,,,,,,,-5.64,이탈,,,
20260916_1236,032940,원익,10730,101.3,10.96,-5.5,-5.78,0.0,-5.22,돌파,,,,,,,,,-5.59,이탈,,,
20260916_1236,048410,현대바이오,6890,90.4,7.32,-1.02,-0.58,0.0,-1.6,돌파,,,,,,,,,-1.6,,,,
20260916_1245,126730,코칩,22800,101.2,5.8,2.41,2.41,2.41,-0.44,돌파,,,,,,,,,-1.1,이탈,,,
20260916_1304,033790,피노,8040,97.6,6.21,-1.74,-2.86,0.0,-3.73,돌파,4.6,,,,,,,,-3.73,,,,
20260916_1304,005690,파미셀,11260,92.7,3.68,0.71,2.22,3.2,2.66,돌파,9.9,,,,,,,,2.66,,,,
20260916_1314,046970,우리로,7260,77.3,2.11,0.41,-0.14,2.07,-0.83,눌림목,4.0,,,,,,,,-0.83,,,,
20260916_1314,032940,원익,10140,76.9,4.86,-0.39,-1.68,0.89,0.3,눌림목,3.0,,,,,,,,-0.1,,,,
20260916_1323,0011A0,액스비스,12610,98.4,3.28,0.32,-0.63,0.32,-0.87,눌림목,2.5,False,,,,,,,-0.87,,,,
20260916_1341,032940,원익,10110,80.8,4.55,-1.68,0.2,1.19,0.59,눌림목,3.2,False,False,-0.14,,,,,0.2,,,,
20260916_1341,033790,피노,7900,75.6,4.36,-1.14,-0.89,0.0,-2.03,눌림목,6.4,False,True,-0.14,,,,,-2.03,,,,
20260916_1341,001210,금호전기,11190,74.2,3.61,-1.39,-1.34,0.0,-1.25,눌림목,12.4,False,False,-0.14,,,,,-1.34,이탈,,,
20260916_1351,050890,쏠리드,9110,71.5,4.11,-0.33,-0.11,0.11,0.11,눌림목,2.2,False,False,-0.24,,,,,-0.44,,,,
20260917_0911,005690,파미셀,12420,86.8,6.79,-1.93,-2.82,0.0,-6.76,돌파,2.8,False,True,0.86,11570.0,14790.0,1.0,64.0,-6.84,nan이탈손절,,,
20260917_0921,067290,JW신약,3670,100.0,4.86,-2.72,-3.0,0.0,-3.0,돌파,4.3,False,False,0.61,3515.0,4335.0,0.0,62.0,-3.41,nan이탈,,,
20260917_0921,043260,성호전자,20850,96.4,12.34,7.43,6.47,9.11,3.6,돌파,6.7,False,True,0.61,18920.0,33800.0,1.0,62.0,-2.4,,,,
20260917_0921,354320,알멕,36950,87.6,5.87,-3.52,-2.03,5.95,3.92,돌파,2.1,False,True,0.61,34300.0,42500.0,0.0,62.0,-5.14,nan이탈,,,
20260917_0930,357580,아모센스,6760,100.0,4.97,2.22,2.07,6.8,1.78,돌파,2.9,False,True,0.26,6200.0,8400.0,0.0,57.0,-0.44,,,,
20260917_0949,006660,삼성공조,13500,96.5,9.31,-4.59,-4.89,0.0,-3.93,돌파,4.0,False,True,0.01,12838.0,16160.0,0.0,52.0,-4.89,nan이탈,,,
20260917_1008,138080,오이솔루션,27100,89.9,5.04,0.74,1.85,3.87,-0.37,눌림목,2.1,False,True,0.82,25500.0,30400.0,0.0,64.0,-1.11,nan이탈,,,
20260917_1017,347700,스피어,22850,99.3,12.29,0.66,0.22,5.91,3.94,돌파,1.9,True,True,0.69,21050.0,26350.0,0.0,64.0,-1.75,,,,
20260921_1008,006660,삼성공조,13400,89.3,1.82,-0.22,-1.12,0.0,-1.79,돌파,2.0,False,True,1.19,,,,54.0,,,,,
20260921_1018,158430,아톤,5820,100.0,3.01,-2.58,-3.44,0.0,-2.92,돌파,2.5,False,True,1.22,,,,55.0,,,,,
20260921_1046,122640,예스티,33050,100.0,12.22,-2.72,-1.82,0.0,-2.42,돌파,1.7,False,True,1.25,,,,51.0,,,,,
20260922_0914,033160,엠케이전자,15800,89.9,7.26,2.78,2.22,3.92,-0.19,돌파,8.6,False,True,0.93,,,,62.0,,,,,
20260922_0933,052710,아모텍,19360,98.9,14.56,1.14,0.93,1.76,-0.72,돌파,1.9,True,True,0.85,,,,60.0,,,,,
20260922_0942,064290,인텍플러스,58000,93.4,14.17,-4.48,-3.28,0.0,-4.66,돌파,99.0,False,True,0.85,,,,57.0,,,,,
20260922_1001,001440,대한전선,32500,77.7,9.43,-1.23,-0.77,0.15,-2.77,눌림목,2.4,False,True,1.21,,,,65.0,,,,,
20260922_1057,053260,금강철강,7410,100.0,2.21,0.67,-0.27,4.59,-1.62,돌파,6.3,False,True,0.87,,,,63.0,,,,,
20260922_1057,092790,넥스틸,14300,99.8,2.51,0.7,-0.42,1.68,-1.61,돌파,3.3,False,True,0.87,,,,63.0,,,,,
20260922_1057,052690,한전기술,130600,95.3,0.77,1.84,0.46,7.81,4.59,돌파,12.8,False,True,0.87,,,,63.0,,,,,
20260922_1107,058470,리노공업,74200,95.9,6.3,-1.21,-0.81,2.96,1.48,돌파,3.9,False,True,0.91,,,,61.0,,,,,
20260923_0914,158430,아톤,5680,89.5,5.58,-1.41,-1.41,2.29,-4.4,돌파,3.8,False,True,1.27,,,,65.0,-4.4,,,,
20260923_0914,046970,우리로,7990,87.6,4.99,0.38,-0.63,7.51,-0.75,돌파,6.4,False,False,1.27,,,,65.0,-2.25,,,,
20260923_0923,240810,원익IPS,139400,100.0,6.98,-3.59,-5.16,1.08,-4.45,돌파,6.7,False,True,1.34,,,,71.0,-5.81,,,,
20260923_0923,322000,HD현대에너지솔루션,123400,88.3,5.65,-2.11,-3.57,0.0,-2.92,돌파,4.7,False,True,1.34,,,,71.0,-4.21,,,,
20260923_0923,012210,삼미금속,12680,87.8,-6.35,-1.26,-2.44,0.0,-1.74,돌파,9.1,False,False,1.34,,,,71.0,-2.92,,,,
20260923_0932,032940,원익,9880,98.3,6.12,-2.73,-3.95,0.0,-5.06,돌파,2.2,False,True,1.26,,,,61.0,-5.97,,,,
20260923_0932,072950,빛샘전자,13610,94.5,4.69,12.93,8.67,14.84,3.38,돌파,2.8,False,True,1.26,,,,61.0,3.38,,,,
20260923_0942,387690,레메디,16210,85.1,4.45,13.02,12.83,18.94,16.66,돌파,11.1,False,True,1.1,,,,57.0,0.8,,,,
20260929_1057,440110,파두,85300,,5.44,-0.23,-0.35,0.0,-1.06,후발주,1.7,,True,-0.75,,,,30.0,-3.63,nan손절,82741.0,89565.0,93830.0
20260929_1057,033640,네패스,28350,,4.81,-0.18,1.23,3.7,3.17,후발주,1.7,,True,-0.75,,,,30.0,-0.53,,27500.0,29768.0,31185.0
20260929_1057,403870,HPSP,59700,,6.61,2.01,2.18,3.35,3.35,후발주,1.7,,True,-0.75,,,,30.0,-0.34,,57909.0,62685.0,65670.0
20260929_1057,170920,엘티씨,40300,,1.0,-0.62,0.12,3.72,3.72,후발주,1.7,,True,-0.75,,,,30.0,-1.74,,39091.0,42315.0,44330.0
20260929_1057,078350,한양디지텍,27550,,2.04,0.36,0.91,3.27,3.27,후발주,1.7,,True,-0.75,,,,30.0,-0.36,,26724.0,28928.0,30305.0
20260929_1057,025560,미래산업,7390,,2.92,-0.41,1.22,4.33,4.33,후발주,1.7,,True,-0.75,,,,30.0,-0.81,,7168.0,7760.0,8129.0
20260929_1057,089890,코세스,31600,,3.61,0.47,1.74,2.53,2.22,후발주,1.7,,True,-0.75,,,,30.0,-1.58,,30652.0,33180.0,34760.0
20260930_0923,059090,미코,22750,,4.36,1.1,0.88,1.98,1.54,후발주,1.7,,True,0.99,,,,59.0,0.0,,22068.0,23888.0,25025.0
20260930_0923,115440,우리넷,12190,,6.46,-0.25,-0.08,4.84,-4.92,후발주,1.7,,True,0.99,,,,59.0,-4.92,nan손절,11824.0,12800.0,13409.0
20260930_0923,066570,LG전자,218500,,2.34,-1.14,-1.14,0.0,-2.29,후발주,1.7,,True,0.99,,,,59.0,-2.75,,211945.0,229425.0,240350.0
20261001_0923,078350,한양디지텍,33900,,6.1,1.62,0.74,6.64,6.19,후발주,1.7,,True,0.11,,,,40.0,-3.83,nan손절1차,32883.0,35595.0,37290.0
20261001_0923,482630,삼양엔씨켐,14790,,4.97,0.0,1.28,4.53,4.53,후발주,1.7,,True,0.11,,,,40.0,0.0,,14346.0,15530.0,16269.0
20261001_0923,950250,테라뷰,4205,,1.08,-4.59,-4.16,0.0,-1.55,후발주,1.7,,True,0.11,,,,40.0,-6.42,nan손절,4079.0,4415.0,4626.0
20261002_0923,355150,코스텍시스,23450,,2.63,1.07,2.13,2.77,-0.64,후발주,1.7,,True,0.44,,,,50.0,-1.49,,22746.0,24622.0,25795.0
20261002_0932,062970,한국첨단소재,2960,,2.96,-0.68,0.0,2.87,2.7,후발주,1.7,,True,0.51,,,,54.0,-0.84,,2871.0,3108.0,3256.0
20261002_0932,006110,삼아알미늄,64000,,6.31,0.47,-2.03,1.72,-2.19,후발주,1.7,,True,0.51,,,,54.0,-4.06,nan손절,62080.0,67200.0,70400.0
20261006_0923,330860,네패스아크,33700,,4.5,-0.89,1.19,4.45,1.63,거래폭발,0.8,,True,2.37,,,,69.0,-1.34,시간,32352.0,34711.0,35722.0
20261006_0944,417840,저스템,19700,,6.31,-0.36,-1.12,0.91,-2.28,거래폭발,0.8,,True,1.72,,,,60.0,-2.69,시간,18912.0,20291.0,20882.0
20261006_1004,062970,한국첨단소재,3125,,2.8,0.48,0.32,2.24,1.6,후발주,0.8,,True,2.01,,,,61.0,-0.64,시간,3000.0,3219.0,3312.0
20261006_1004,090460,비에이치,21500,,3.37,1.51,0.93,2.09,2.09,후발주,0.8,,True,2.01,,,,61.0,-0.23,시간,20640.0,22145.0,22790.0
20261006_1004,014680,한솔케미칼,282500,,3.1,-1.06,-0.71,0.0,-1.77,후발주,0.8,,True,2.01,,,,61.0,-2.3,시간,271200.0,290975.0,299450.0
