code,name,market,종가,등락률,거래대금,시가총액
005930,삼성전자,KOSPI,263000,-2.05,5350036000000,1537571273904000
000660,SK하이닉스,KOSPI,1686000,-2.15,5348976000000,1231610127390000
402340,SK스퀘어,KOSPI,1059000,-7.27,1060623000000,139707513882000
036930,주성엔지니어링,KOSDAQ,263500,6.46,1023470000000,12247775383500
009150,삼성전기,KOSPI,1559000,-2.81,872908000000,116447472064000
006400,삼성SDI,KOSPI,567000,0.89,397191000000,45691995510000
373220,LG에너지솔루션,KOSPI,403000,3.07,374288000000,94302000000000
034020,두산에너빌리티,KOSPI,76700,-4.72,351713000000,49131039898200
012450,한화에어로스페이스,KOSPI,904000,-7.0,302735000000,46613314504000
042700,한미반도체,KOSPI,263000,-0.57,274284000000,25067108600000
240810,원익IPS,KOSDAQ,134200,2.36,245174000000,6587059514200
266690,덕산넵코어스,KOSDAQ,13290,-3.63,239971000000,251099784810
005380,현대차,KOSPI,324500,-3.42,223549000000,66024876654000
353200,대덕전자,KOSPI,157600,4.16,214637000000,7788107380000
066570,LG전자,KOSPI,201000,-3.37,208632000000,32739812238000
007660,이수페타시스,KOSPI,125000,2.46,206906000000,9176152375000
096770,SK이노베이션,KOSPI,161500,1.19,188404000000,27302025262000
028260,삼성물산,KOSPI,320000,-4.76,175812000000,51893625920000
196170,알테오젠,KOSDAQ,240500,-6.42,174495000000,16752059486500
035420,NAVER,KOSPI,183200,-3.07,170394000000,27863688400800
012330,현대모비스,KOSPI,360000,-3.61,168362000000,32335410600000
298040,효성중공업,KOSPI,2514000,-2.86,161633000000,23441913672000
079550,LIG디펜스앤에어로스페이스,KOSPI,619000,-6.07,155783000000,13618000000000
051910,LG화학,KOSPI,281500,1.62,152336000000,19871743991500
058470,리노공업,KOSDAQ,87800,3.05,144709000000,6691400430000
098460,고영,KOSDAQ,37350,3.18,142772000000,2547427355550
010120,LS ELECTRIC,KOSPI,197200,-4.04,141402000000,29580000000000
128940,한미약품,KOSPI,482000,-9.74,133993000000,6174897662000
105560,KB금융,KOSPI,163400,-3.03,133205000000,57955975735600
000270,기아,KOSPI,107000,-2.37,132025000000,41774190786000
329180,HD현대중공업,KOSPI,384500,-3.87,128661000000,40357591012500
222800,심텍,KOSDAQ,170700,0.18,127045000000,6569308588200
131970,두산테스나,KOSDAQ,123300,13.02,126622000000,2383048445400
011070,LG이노텍,KOSPI,572000,-3.21,125397000000,13537585204000
055550,신한지주,KOSPI,100000,-3.19,122746000000,46945023900000
005490,POSCO홀딩스,KOSPI,305500,-0.65,119575000000,24208286498500
000150,두산,KOSPI,1331000,-4.86,115204000000,21553994385000
000720,현대건설,KOSPI,106300,-4.15,111139000000,11837117819500
010170,대한광통신,KOSDAQ,16970,-5.41,110953000000,2638591650200
034730,SK,KOSPI,561000,-3.28,110494000000,40674016383000
403870,HPSP,KOSDAQ,64000,-2.29,109583000000,5267200000000
000990,DB하이텍,KOSPI,136500,1.56,105858000000,5938376262000
080220,제주반도체,KOSDAQ,86000,1.53,105517000000,2962083638000
005160,동국산업,KOSDAQ,4635,20.39,104837000000,251423174070
039030,이오테크닉스,KOSDAQ,519000,0.19,104102000000,6393846450000
003670,포스코퓨처엠,KOSPI,191300,-0.05,102330000000,17015411886000
038500,삼표시멘트,KOSDAQ,6830,-12.66,101878000000,737068369980
207940,삼성바이오로직스,KOSPI,1220000,-4.46,100630000000,56474960220000
009540,HD한국조선해양,KOSPI,291500,-3.32,99429000000,20630363314000
267260,HD현대일렉트릭,KOSPI,607000,-3.34,99307000000,21880610945000
278470,에이피알,KOSPI,369000,-2.64,98766000000,13814679195000
086790,하나금융지주,KOSPI,124500,-3.41,98508000000,33735753795000
452190,한빛레이저,KOSDAQ,6290,5.01,96753000000,150460303530
002720,국제약품,KOSPI,4235,-4.4,95367000000,89611888520
272210,한화시스템,KOSPI,76700,-1.16,94755000000,14490117136300
316140,우리금융지주,KOSPI,32400,-2.85,94557000000,23871884446800
032830,삼성생명,KOSPI,270000,-3.91,91172000000,54000000000000
047920,HLB제약,KOSDAQ,12960,3.1,90139000000,564559476480
086520,에코프로,KOSDAQ,91200,-0.76,88163000000,12382785062400
009830,한화솔루션,KOSPI,35700,-1.24,87165000000,8028663535200
043260,성호전자,KOSDAQ,32550,-0.31,86400000000,2455957652400
003490,대한항공,KOSPI,30500,-1.13,85707000000,11230728574500
068270,셀트리온,KOSPI,179000,-2.45,83365000000,41638474504000
001440,대한전선,KOSPI,28350,-4.87,82689000000,5556390096600
247540,에코프로비엠,KOSDAQ,126500,1.61,78821000000,12375549901000
108490,로보티즈,KOSDAQ,298000,-2.45,78119000000,4370774344000
069540,빛과전자,KOSDAQ,4890,-6.14,77021000000,551063376330
033790,피노,KOSDAQ,11500,16.4,74608000000,989148959500
067310,하나마이크론,KOSDAQ,50200,-0.99,71168000000,3337841623800
010140,삼성중공업,KOSPI,18900,-3.28,70175000000,16632000000000
000810,삼성화재,KOSPI,610000,-3.02,69808000000,27234958530000
417840,저스템,KOSDAQ,20850,10.9,69375000000,478438298850
052690,한전기술,KOSPI,120600,-5.63,69191000000,4609332000000
028050,삼성E&A,KOSPI,47900,-1.44,68791000000,9388400000000
064350,현대로템,KOSPI,104800,-2.87,68586000000,11438112306400
008930,한미사이언스,KOSPI,52000,-10.5,66957000000,3556360600000
042660,한화오션,KOSPI,71800,-3.1,66293000000,22000481689200
082740,한화엔진,KOSPI,41150,-9.16,65754000000,3433849893300
000250,삼천당제약,KOSDAQ,243500,1.04,65641000000,5711894432000
062040,산일전기,KOSPI,222000,-4.1,65029000000,6802712700000
204270,제이앤티씨,KOSDAQ,27000,4.65,64409000000,1561908582000
001820,삼화콘덴서,KOSPI,157600,-1.31,64327000000,1638252000000
141000,비아트론,KOSDAQ,13260,10.59,62570000000,160641054600
047040,대우건설,KOSPI,16610,-4.21,62255000000,6825175867180
319660,피에스케이,KOSDAQ,145100,5.76,61534000000,4203070201400
036540,SFA반도체,KOSDAQ,11580,2.12,60628000000,1904450308740
267250,HD현대,KOSPI,180800,-4.59,59513000000,14281949768000
267270,HD건설기계,KOSPI,107100,-7.11,57752000000,5086970040600
017670,SK텔레콤,KOSPI,84200,-3.66,57551000000,18085322462600
103590,일진전기,KOSPI,82000,-6.82,57351000000,3910201980000
087010,펩트론,KOSDAQ,91500,-29.94,56611000000,2133537525000
307750,국전,KOSDAQ,2920,5.42,56500000000,157639960960
161890,한국콜마,KOSPI,137500,-5.56,56212000000,3245698087500
018880,한온시스템,KOSPI,4020,4.28,55545000000,4125530394840
035720,카카오,KOSPI,32400,-1.97,55508000000,14353216524000
419050,삼기에너지솔루션즈,KOSDAQ,2305,29.93,53951000000,131837333200
006260,LS,KOSPI,268500,-4.11,53590000000,8377200000000
468670,브릴스,KOSDAQ,23000,-10.33,53557000000,261363927000
000650,천일고속,KOSPI,221000,22.57,53194000000,315857620000
018260,삼성에스디에스,KOSPI,196100,-5.27,52676000000,15173786580000
084670,동양고속,KOSPI,37200,27.18,52451000000,107715166800
475150,SK이터닉스,KOSPI,46200,-5.91,50256000000,1573895584800
064400,LG씨엔에스,KOSPI,67700,-2.03,49809000000,6559178679600
010950,S-Oil,KOSPI,169000,-0.94,49727000000,19026491848000
066970,엘앤에프,KOSPI,115600,-1.7,48851000000,4703322870400
047810,한국항공우주,KOSPI,121600,-0.16,46872000000,11852973011200
006800,미래에셋증권,KOSPI,29400,-3.61,46844000000,15964818899400
192820,코스맥스,KOSPI,303500,-1.62,46193000000,3444575981500
031980,피에스케이홀딩스,KOSDAQ,209500,2.7,46175000000,4517321752500
078930,GS,KOSPI,104800,-4.64,45979000000,9735447876000
036570,NC,KOSPI,223000,-6.11,45403000000,4804316906000
015760,한국전력,KOSPI,29100,-3.16,45385000000,18681154640700
347700,스피어,KOSDAQ,25400,-3.05,45112000000,1309404594800
006110,삼아알미늄,KOSPI,75800,14.85,43547000000,1146357889000
417200,LS머트리얼즈,KOSDAQ,16430,5.32,42574000000,1111533187370
028300,HLB,KOSDAQ,46000,0.22,42454000000,6127118258000
010060,OCI홀딩스,KOSPI,234000,-2.5,42253000000,4368834288000
356860,티엘비,KOSDAQ,52900,5.17,41697000000,1253796654000
042510,라온시큐어,KOSDAQ,15510,-7.18,41240000000,172251392280
095340,ISC,KOSDAQ,200000,-1.23,40988000000,4239411600000
086280,현대글로비스,KOSPI,183200,-2.55,40439000000,13740000000000
003160,디아이,KOSPI,41850,0.72,40209000000,1184355000000
005830,DB손해보험,KOSPI,186100,-0.43,40113000000,12189614948900
000500,가온전선,KOSPI,299500,-2.28,39035000000,8918393296500
281820,케이씨텍,KOSPI,123200,0.16,38961000000,2439195035200
071050,한국금융지주,KOSPI,169000,-3.1,38897000000,9417692648000
078600,대주전자재료,KOSDAQ,114900,2.59,38142000000,1804405456200
122350,삼기,KOSDAQ,1733,7.98,38095000000,66442228724
214450,파마리서치,KOSDAQ,299000,-3.08,37932000000,3106504752000
033780,KT&G,KOSPI,177300,-1.28,37361000000,18405593848800
089970,브이엠,KOSDAQ,66800,3.57,36942000000,1773945142000
267320,나인테크,KOSDAQ,2780,2.96,36895000000,159614520100
007810,코리아써키트,KOSPI,87100,-1.47,36593000000,2088886202000
319400,현대무벡스,KOSDAQ,20550,1.99,36409000000,2288777601450
486510,글로벌테크놀로지,KOSDAQ,11120,-12.58,36403000000,218465121280
003230,삼양식품,KOSPI,1165000,-4.27,36063000000,8775962475000
142280,녹십자엠에스,KOSDAQ,3675,-12.5,35464000000,88064138925
352820,하이브,KOSPI,164000,-1.8,35209000000,7069521104000
093370,후성,KOSPI,15030,-1.57,34821000000,1612047609900
020150,롯데에너지머티리얼즈,KOSPI,55500,3.35,34207000000,2906283196500
095610,테스,KOSDAQ,163300,0.12,33821000000,3161488000000
084370,유진테크,KOSDAQ,171700,1.6,33769000000,3934684411400
089030,테크윙,KOSDAQ,54900,2.23,33482000000,2034245110500
259960,크래프톤,KOSPI,186600,-6.93,33311000000,8567960680800
016360,삼성증권,KOSPI,85900,-3.91,33238000000,7670870000000
278650,HLB바이오스텝,KOSDAQ,6310,29.97,32933000000,109998418760
178320,서진시스템,KOSDAQ,41150,-0.36,32735000000,2622221572350
396300,HT로보틱스,KOSDAQ,5830,1.92,32519000000,154433785000
426030,TIME 미국나스닥100액티브,KOSPI,47840,-1.57,32420000000,2659904000000
375500,DL이앤씨,KOSPI,68000,-5.69,31279000000,2631166364000
033160,엠케이전자,KOSDAQ,19710,-2.67,30974000000,484157583180
226950,올릭스,KOSDAQ,118000,-3.83,30833000000,2699233244000
229640,LS에코에너지,KOSPI,72900,5.65,30720000000,2232553679100
047050,포스코인터내셔널,KOSPI,56800,-0.7,30620000000,9992414358400
011790,SKC,KOSPI,107500,-0.65,30468000000,5331817035000
115450,HLB테라퓨틱스,KOSDAQ,3175,8.36,30252000000,300619458450
0035S0,빅웨이브로보틱스,KOSDAQ,23000,-15.44,30224000000,236219453000
327260,RF머트리얼즈,KOSDAQ,53000,-0.75,30002000000,953332624000
440110,파두,KOSDAQ,83000,0.85,29697000000,4159215241000
232140,와이씨,KOSDAQ,17000,-1.11,29535000000,1394770950000
141080,리가켐바이오,KOSDAQ,74000,-8.07,29127000000,2739436932000
322000,HD현대에너지솔루션,KOSPI,146500,0.69,29008000000,1640800000000
003550,LG,KOSPI,108400,-2.17,28921000000,16389213233600
277810,레인보우로보틱스,KOSDAQ,431500,-3.47,28468000000,8371038727000
012210,삼미금속,KOSDAQ,12160,-11.37,28060000000,280307200640
323280,태성,KOSDAQ,62500,4.69,27590000000,1908623750000
307950,현대오토에버,KOSPI,363000,-2.94,27374000000,9954905466000
069660,KIWOOM 200,KOSPI,105490,-2.74,26961000000,838645500000
090430,아모레퍼시픽,KOSPI,133900,-3.32,26928000000,7832180430100
032820,우리기술,KOSDAQ,11640,-6.05,26591000000,2011212883680
006360,GS건설,KOSPI,31800,-3.2,26585000000,2721491382000
257720,실리콘투,KOSDAQ,35700,-4.93,26535000000,2341072196400
347850,디앤디파마텍,KOSDAQ,42950,-6.83,26466000000,1975536317550
005940,NH투자증권,KOSPI,25050,-5.65,26356000000,9248612930250
454910,두산로보틱스,KOSPI,69300,-2.67,26299000000,4492024614000
158430,아톤,KOSDAQ,6530,-6.58,25586000000,159868060760
034220,LG디스플레이,KOSPI,8160,-1.09,25518000000,4080000000000
030200,KT,KOSPI,51300,0.0,25340000000,12928712440500
039490,키움증권,KOSPI,242000,-2.02,25126000000,6347252472000
490470,세미파이브,KOSDAQ,22350,-1.76,24842000000,760468584000
011200,HMM,KOSPI,20850,-2.57,24834000000,19666511674500
064760,티씨케이,KOSDAQ,293000,2.81,24266000000,3275568888000
356680,엑스게이트,KOSDAQ,17930,-5.33,24041000000,511784811560
024110,기업은행,KOSPI,19900,-1.0,23994000000,15868774793100
119850,지엔씨에너지,KOSDAQ,48050,-7.06,23908000000,790370077450
128820,대성산업,KOSPI,4555,-8.9,23857000000,206047602290
0220W0,한화머시너리앤서비스홀딩스,KOSPI,6110,1.66,23568000000,516389918850
443060,HD현대마린솔루션,KOSPI,218000,-0.91,23551000000,9773694280000
226340,본느,KOSDAQ,6580,1.86,23081000000,55209384720
131290,티에스이,KOSDAQ,309000,-2.22,22391000000,3417981561000
005290,동진쎄미켐,KOSDAQ,50500,-0.98,22319000000,2573991363000
058610,에스피지,KOSDAQ,97300,-2.6,21832000000,2157857128000
483650,달바글로벌,KOSPI,173000,-5.36,21534000000,2167199545000
010130,고려아연,KOSPI,1032000,-2.92,21471000000,21540904008000
0161M0,네오사피엔스,KOSDAQ,11840,-10.37,21459000000,144635604800
161390,한국타이어앤테크놀로지,KOSPI,61700,1.65,21371000000,7643091757300
354320,알멕,KOSDAQ,56000,14.87,21276000000,357917336000
059090,미코,KOSDAQ,24350,6.56,20998000000,813698544300
100130,동국S&C,KOSDAQ,1695,5.61,20979000000,96857385000
217590,티엠씨,KOSPI,18240,-3.44,20795000000,439478664000
290650,엘앤씨바이오,KOSDAQ,55800,-4.29,20658000000,1504909483200
200470,에이팩트,KOSDAQ,10890,9.01,20542000000,477238524840
382800,지앤비에스 에코,KOSDAQ,7130,3.63,20499000000,226955322330
004170,신세계,KOSPI,305500,-4.38,20213000000,2885502795500
030530,원익홀딩스,KOSDAQ,28650,-1.38,19806000000,2212868155650
298380,에이비엘바이오,KOSDAQ,48150,-5.77,19718000000,2695796343450
003350,한국화장품제조,KOSPI,16150,-4.04,19635000000,365959000000
084990,헬릭스미스,KOSDAQ,4355,10.39,19603000000,200734130935
083650,비에이치아이,KOSDAQ,53300,-6.82,18898000000,1649335187500
001780,알루코,KOSPI,1790,7.25,18624000000,173325936280
017900,광전자,KOSPI,10670,0.95,18360000000,618259951210
046970,우리로,KOSDAQ,8320,1.22,18150000000,364623991680
456010,아이씨티케이,KOSDAQ,23800,-4.61,18111000000,345155930000
112610,씨에스윈드,KOSPI,55400,-3.15,17988000000,2336295726200
010580,에스엠벡셀,KOSPI,2270,5.34,17749000000,252541495200
336260,두산퓨얼셀,KOSPI,43750,-3.31,17622000000,2865350512500
450080,에코프로머티,KOSPI,37700,-1.44,17444000000,2669682899000
457190,이수스페셜티케미컬,KOSPI,80500,1.39,17367000000,2432619196000
101490,에스앤에스텍,KOSDAQ,52800,-1.12,17309000000,1126481611200
000100,유한양행,KOSPI,73300,-2.27,17148000000,5396036747300
218410,RFHIC,KOSDAQ,58000,-1.53,16846000000,1541375636000
323410,카카오뱅크,KOSPI,19520,-1.71,16732000000,9313390930240
950260,인제니아테라퓨틱스(Reg.S),KOSDAQ,25300,-9.32,16728000000,1250948557100
175330,JB금융지주,KOSPI,27850,-1.42,16702000000,5194632798400
140860,파크시스템스,KOSDAQ,311500,1.14,16482000000,2181269093500
021240,코웨이,KOSPI,100300,-1.86,16294000000,7097972827800
417030,니어스랩,KOSDAQ,21900,-21.65,16267000000,126528476400
462900,KoAct 바이오헬스케어액티브,KOSPI,12545,-5.03,16195000000,330560750000
051900,LG생활건강,KOSPI,266000,-1.85,16151000000,3983489118000
0126Z0,삼성에피스홀딩스,KOSPI,343000,-7.05,15965000000,8534885807000
204320,HL만도,KOSPI,44350,-2.74,15709000000,2082548272000
0182R0,1Q K반도체TOP2+,KOSPI,10880,-2.51,15572000000,333472000000
295310,에이치브이엠,KOSDAQ,74300,3.19,15558000000,932293069800
000880,한화,KOSPI,110400,-6.44,15453000000,5887510228800
035900,JYP Ent.,KOSDAQ,38900,0.91,15287000000,1382213938800
006340,대원전선,KOSPI,12590,-2.78,14914000000,987237497440
348340,뉴로메카,KOSDAQ,21300,0.71,14908000000,498599431200
0010S0,와이즈플래닛컴퍼니,KOSDAQ,12740,-19.52,14894000000,127655182200
096530,씨젠,KOSDAQ,37950,-2.44,14873000000,1773570555900
014680,한솔케미칼,KOSPI,266500,-0.93,14778000000,2876610594000
222080,SFA넥셀,KOSDAQ,8690,2.72,14655000000,675909451360
004020,현대제철,KOSPI,28050,-1.41,14538000000,3743154269250
138930,BNK금융지주,KOSPI,15270,-1.36,14313000000,4685442997770
024060,흥구석유,KOSDAQ,12490,2.63,14042000000,187350000000
437730,삼현,KOSDAQ,48400,-4.35,13860000000,1534646242800
290550,디케이티,KOSDAQ,25350,7.42,13857000000,507031180500
092870,엑시콘,KOSDAQ,52900,0.0,13812000000,690387161300
160190,하이젠알앤엠,KOSDAQ,31100,-7.99,13806000000,960616800000
103140,풍산,KOSPI,65900,-3.09,13735000000,1846799920200
217190,제너셈,KOSDAQ,10200,11.72,13679000000,134168362200
105740,디케이락,KOSDAQ,11780,4.06,13533000000,119785083140
083450,GST,KOSDAQ,57400,2.14,13449000000,1057882000000
091580,상신이디피,KOSDAQ,25300,3.05,13441000000,337203940700
357780,솔브레인,KOSDAQ,413000,-0.12,13281000000,3212547758000
161580,필옵틱스,KOSDAQ,41800,0.24,13277000000,979885924600
166090,하나머티리얼즈,KOSDAQ,64300,4.38,13233000000,1271704438200
033640,네패스,KOSDAQ,33100,6.26,13201000000,763259586200
072950,빛샘전자,KOSDAQ,16010,-1.42,13085000000,128922286100
003580,HLB글로벌,KOSPI,2635,29.8,12987000000,133498335675
097950,CJ제일제당,KOSPI,182600,0.05,12903000000,2748894363600
064290,인텍플러스,KOSDAQ,60600,3.59,12871000000,787701706800
056080,유진로봇,KOSDAQ,12690,3.93,12870000000,485208317340
425040,티이엠씨,KOSDAQ,15650,3.92,12815000000,343093353700
393890,더블유씨피,KOSDAQ,11420,10.66,12544000000,386488704480
148070,KIWOOM 국고채10년,KOSPI,104550,-0.21,12457000000,392794350000
078350,한양디지텍,KOSDAQ,38950,7.01,12395000000,593768678900
088350,한화생명,KOSPI,5180,-2.45,12382000000,4498985400000
001450,현대해상,KOSPI,46900,-2.49,12276000000,3998142925000
187420,HLB제넥스,KOSDAQ,2450,12.64,12141000000,79980120150
462350,이노스페이스,KOSDAQ,6910,2.98,11989000000,234121662520
053800,안랩,KOSDAQ,75200,-3.22,11873000000,836713251200
120110,코오롱인더,KOSPI,55700,-0.54,11771000000,1667993982400
441270,파인엠텍,KOSDAQ,9950,6.08,11740000000,420810623750
488280,에스투더블유,KOSDAQ,15910,-3.75,11734000000,172233482260
386380,스카이랩스,KOSDAQ,14390,-7.52,11701000000,269984849030
388210,씨엠티엑스,KOSDAQ,95300,6.72,11605000000,920067941400
071970,HD현대마린엔진,KOSPI,42800,-4.89,11522000000,1451839986000
310210,보로노이,KOSDAQ,137800,-6.13,11484000000,2565362381400
253590,네오셈,KOSDAQ,16130,1.19,11471000000,707609615320
326030,SK바이오팜,KOSPI,72700,-4.34,11462000000,5693373275000
411080,샌즈랩,KOSDAQ,7760,-8.71,11378000000,118476870880
294400,KIWOOM 200TR,KOSPI,138795,-2.6,11363000000,1707178500000
126340,비나텍,KOSDAQ,87800,-7.29,11298000000,630440349200
046210,HLB파나진,KOSDAQ,1774,29.96,11295000000,80766601040
125490,한라캐스트,KOSDAQ,12670,-1.78,11292000000,462484799840
328130,루닛,KOSDAQ,11300,1.16,11205000000,841377434000
028670,팬오션,KOSPI,6090,-1.93,11164000000,3255528328080
377300,카카오페이,KOSPI,38100,-3.79,11132000000,5154953698200
439580,블루엠텍,KOSDAQ,2425,-21.27,11039000000,82077876475
077360,덕산하이메탈,KOSDAQ,14110,2.39,11034000000,641116098220
090460,비에이치,KOSPI,21650,-2.48,11012000000,729854797700
001040,CJ,KOSPI,129700,-1.67,10986000000,3784256640600
083500,에프엔에스테크,KOSDAQ,16880,14.29,10985000000,140211643760
330860,네패스아크,KOSDAQ,32750,3.31,10740000000,399027473750
117670,알파칩스,KOSDAQ,13070,-2.46,10587000000,87068967940
004710,한솔테크닉스,KOSPI,11750,-0.76,10535000000,623261324750
332570,PS일렉트로닉스,KOSDAQ,8380,-4.45,10393000000,384982253140
067080,대화제약,KOSDAQ,13960,15.09,9973000000,259888434000
052710,아모텍,KOSDAQ,22050,1.15,9963000000,411911640000
263860,지니언스,KOSDAQ,24000,4.12,9958000000,217910400000
399720,가온칩스,KOSDAQ,47400,1.39,9921000000,562109205600
187870,디바이스,KOSDAQ,15930,18.88,9907000000,220833957960
017800,현대엘리베이터,KOSPI,70200,-2.5,9897000000,2744285427000
145020,휴젤,KOSDAQ,181300,-1.25,9869000000,2269000864900
005440,현대지에프홀딩스,KOSPI,12850,4.64,9858000000,2356654007150
183300,코미코,KOSDAQ,33500,1.36,9680000000,1720669712500
032640,LG유플러스,KOSPI,14430,-0.48,9632000000,6124492172760
241560,두산밥캣,KOSPI,53700,-2.36,9623000000,5147470690500
107640,한중엔시에스,KOSDAQ,47350,0.64,9549000000,429225193100
002380,KCC,KOSPI,457000,-2.25,9498000000,3926953472000
078150,HB테크놀러지,KOSDAQ,2380,2.15,9447000000,225913879240
237690,에스티팜,KOSDAQ,92100,-4.46,9411000000,1922738359800
001430,세아베스틸지주,KOSPI,46600,5.55,9387000000,1671174745400
446540,메가터치,KOSDAQ,11030,0.36,9342000000,320742594330
439960,코스모로보틱스,KOSDAQ,6480,-7.56,9313000000,210280056480
195870,해성디에스,KOSPI,65600,1.39,9152000000,1115200000000
425420,티에프이,KOSDAQ,63800,-1.54,9111000000,787750147800
361610,SK아이이테크놀로지,KOSPI,18420,0.77,9082000000,1506518382000
009420,한올바이오파마,KOSPI,43700,-4.59,9041000000,2282915880600
180640,한진칼,KOSPI,129800,-3.06,8919000000,8665743295000
456160,지투지바이오,KOSDAQ,42050,-5.93,8783000000,699267363300
252990,샘씨엔에스,KOSDAQ,18200,-4.46,8702000000,1095965579800
420770,기가비스,KOSDAQ,137500,1.63,8674000000,1742916725000
002990,금호건설,KOSPI,11030,-3.42,8650000000,410977513220
082920,비츠로셀,KOSDAQ,28000,-5.25,8612000000,1263905356000
012030,DB,KOSPI,2260,12.16,8517000000,454653088580
019170,신풍제약,KOSPI,9890,-10.17,8503000000,518419182580
074600,원익QnC,KOSDAQ,32350,2.37,8492000000,850416800000
456600,TIME 글로벌AI인공지능액티브,KOSPI,57705,-1.78,8410000000,2070455400000
271560,오리온,KOSPI,104100,-1.89,8365000000,4114946830800
080580,오킨스전자,KOSDAQ,27600,-1.95,8363000000,582110358000
139480,이마트,KOSPI,70400,-1.26,8346000000,1942745657600
241710,코스메카코리아,KOSDAQ,112100,-4.19,8317000000,1197228000000
203650,드림시큐리티,KOSDAQ,2785,-5.11,8297000000,283246987940
030000,제일기획,KOSPI,18820,-0.74,8233000000,2165075854500
170920,엘티씨,KOSDAQ,40900,-1.21,8216000000,432072753400
468530,프로티나,KOSDAQ,44750,1.7,8182000000,496955373000
073240,금호타이어,KOSPI,6640,-0.3,8182000000,1907408305680
005690,파미셀,KOSPI,12750,-2.07,8134000000,765051178500
348370,엔켐,KOSDAQ,21800,-6.03,8111000000,477659669200
0183V0,KIWOOM 삼성전자&SK하이닉스채권혼합50,KOSPI,11725,-0.93,8039000000,272020000000
024850,HLB이노베이션,KOSDAQ,18550,3.17,8029000000,640716462050
476830,알지노믹스,KOSDAQ,26350,-6.89,7959000000,739260738600
445680,큐리옥스바이오시스템즈,KOSDAQ,52800,-10.81,7879000000,909464107200
0163Y0,KoAct 코스닥액티브,KOSPI,10950,1.25,7806000000,537097500000
387690,레메디,KOSDAQ,17320,-6.58,7671000000,132078700120
048410,현대바이오,KOSDAQ,6900,-5.35,7651000000,665888446800
090360,로보스타,KOSDAQ,75400,-3.7,7647000000,735150000000
036830,솔브레인홀딩스,KOSDAQ,50200,6.47,7588000000,1029299846200
056190,SFA,KOSDAQ,31300,0.81,7450000000,1123944188000
050890,쏠리드,KOSDAQ,9760,-3.37,7434000000,592983771840
139130,iM금융지주,KOSPI,17600,-2.22,7409000000,2787195980800
394800,쓰리빌리언,KOSDAQ,5860,0.0,7373000000,186480160580
124500,아이티센글로벌,KOSDAQ,26200,-6.26,7244000000,607958607400
100790,미래에셋벤처투자,KOSDAQ,16990,1.07,7079000000,902518620220
950160,코오롱티슈진,KOSDAQ,16190,-3.69,7026000000,1375666890400
086450,동국제약,KOSDAQ,22350,-1.54,6997000000,1010899887000
099320,쎄트렉아이,KOSDAQ,69200,-7.98,6956000000,757828437600
452280,한선엔지니어링,KOSDAQ,14060,-1.68,6945000000,270622240200
011930,신성이엔지,KOSPI,19690,0.25,6941000000,399828723580
004370,농심,KOSPI,394500,-1.37,6892000000,2399602269000
475830,오름테라퓨틱,KOSDAQ,18930,-8.11,6874000000,411782699880
122640,예스티,KOSDAQ,32200,1.26,6841000000,697172665000
089890,코세스,KOSDAQ,32850,-0.15,6820000000,544816001700
006730,서부T&D,KOSDAQ,11820,0.0,6732000000,759753229860
005070,코스모신소재,KOSPI,46750,0.75,6698000000,1552781194250
189300,인텔리안테크,KOSDAQ,63800,-6.86,6661000000,685052308600
023530,롯데쇼핑,KOSPI,97400,-1.62,6651000000,2755324737000
282330,BGF리테일,KOSPI,125600,-3.38,6645000000,2170858593600
281740,레이크머티리얼즈,KOSDAQ,12870,1.58,6612000000,845952152760
274090,켄코아에어로스페이스,KOSDAQ,11330,-9.0,6539000000,156061765310
138080,오이솔루션,KOSDAQ,30750,-2.69,6473000000,380616058500
256840,한국비엔씨,KOSDAQ,3065,-6.7,6346000000,209630325590
0015N0,아로마티카,KOSDAQ,9810,-9.75,6269000000,123379604820
011170,롯데케미칼,KOSPI,59100,-2.64,6261000000,2528027262900
243840,신흥에스이씨,KOSDAQ,6520,7.06,6216000000,251399692200
020120,키다리스튜디오,KOSPI,6870,3.0,6137000000,254628072420
486990,노타,KOSDAQ,18900,-6.67,6129000000,404316927000
098120,마이크로컨텍솔,KOSDAQ,57600,-4.79,6101000000,478815321600
111770,영원무역,KOSPI,70800,0.0,6068000000,3137251934400
024840,KBI메탈,KOSDAQ,5880,-3.61,6045000000,255582237960
041190,우리기술투자,KOSDAQ,5970,-1.81,5993000000,476406000000
030520,한컴,KOSDAQ,17320,-1.2,5992000000,418793166080
452450,피아이이,KOSDAQ,5840,0.0,5974000000,210406440000
263750,펄어비스,KOSDAQ,32700,-1.51,5963000000,2054995857000
477850,마키나락스,KOSDAQ,21050,-1.17,5944000000,373737192800
489790,한화비전,KOSPI,48750,-1.32,5923000000,2461309012500
008770,호텔신라,KOSPI,38800,-1.52,5900000000,1522827094800
466100,클로봇,KOSDAQ,22550,-1.96,5851000000,698006814450
090710,휴림로봇,KOSDAQ,6070,-3.34,5827000000,725723306030
187660,페니트리움바이오,KOSDAQ,6340,-6.49,5782000000,405546044020
053610,프로텍,KOSDAQ,81200,0.62,5753000000,730800000000
397030,에이프릴바이오,KOSDAQ,14460,-8.19,5740000000,398499987720
316670,KIWOOM 코스닥150,KOSPI,7580,-0.98,5728000000,51847200000
004310,현대약품,KOSPI,7740,-5.26,5727000000,247680000000
159010,아스플로,KOSDAQ,34750,6.6,5654000000,463382180250
251270,넷마블,KOSPI,33700,-2.46,5636000000,2802438922500
002710,TCC스틸,KOSPI,13930,-2.66,5598000000,365156799210
036460,한국가스공사,KOSPI,35700,-1.92,5554000000,3295574100000
102710,이엔에프테크놀로지,KOSDAQ,50000,-0.4,5533000000,714391800000
441800,TIME Korea플러스배당액티브,KOSPI,27500,-2.2,5530000000,755700000000
085910,네오티스,KOSDAQ,20500,6.77,5524000000,282793769000
085620,미래에셋생명,KOSPI,20350,-10.15,5504000000,2750913000000
482630,삼양엔씨켐,KOSDAQ,15880,4.89,5503000000,347585886400
251970,펌텍코리아,KOSDAQ,65800,-2.08,5499000000,815920000000
003380,하림지주,KOSDAQ,11440,-0.26,5498000000,1281344304240
042000,카페24,KOSDAQ,22250,-1.33,5485000000,537964260250
137400,피엔티,KOSDAQ,33150,2.63,5397000000,785347633200
460860,동국제강,KOSPI,9380,-3.0,5389000000,465323199460
121600,나노신소재,KOSDAQ,63200,0.96,5381000000,774970471200
127120,제이에스링크,KOSDAQ,28500,2.33,5340000000,1062849274500
0220B0,DS 코스닥액티브,KOSPI,12680,1.89,5306000000,86224000000
067290,JW신약,KOSDAQ,2750,-3.85,5271000000,154102033250
069960,현대백화점,KOSPI,85500,-1.5,5250000000,1843799976000
022100,포스코DX,KOSPI,20800,-1.19,5249000000,3162322363200
007340,DN오토모티브,KOSPI,48450,-1.22,5218000000,2834851409250
042370,비츠로테크,KOSDAQ,10580,-1.31,5212000000,277196264500
060370,LS마린솔루션,KOSDAQ,31950,-5.75,5210000000,1669031385300
109670,씨싸이트,KOSDAQ,16370,1.93,5209000000,95545174740
195940,HK이노엔,KOSDAQ,40300,-1.1,5198000000,1141694607300
214150,클래시스,KOSDAQ,30100,-1.95,5177000000,1963593335900
161000,애경케미칼,KOSPI,11180,3.33,5176000000,543892566620
004490,세방전지,KOSPI,63100,0.64,5164000000,874566000000
054920,한컴위드,KOSDAQ,4855,-7.87,5143000000,136993928255
011780,금호석유화학,KOSPI,114700,-1.04,5129000000,2885545177500
012750,에스원,KOSPI,83900,0.12,5114000000,3188131034200
100590,머큐리,KOSDAQ,5870,-1.34,5101000000,100609129150
340450,지씨지놈,KOSDAQ,9920,-2.17,5092000000,234615866560
001740,SK네트웍스,KOSPI,6120,-3.92,5064000000,1227634600680
081660,미스토홀딩스,KOSPI,38250,-2.42,5035000000,2030762880000
088980,맥쿼리인프라,KOSPI,9760,-0.41,5029000000,4674278651680
321370,센서뷰,KOSDAQ,1779,-6.76,5023000000,125636984529
046940,우원개발,KOSDAQ,2810,2.37,5021000000,50788923500
051600,한전KPS,KOSPI,43750,-1.46,5009000000,1968750000000
293490,카카오게임즈,KOSDAQ,9330,-7.72,4916000000,995933322450
126600,BGF에코머티리얼즈,KOSDAQ,3660,11.59,4860000000,229726850340
462860,더즌,KOSDAQ,2935,4.26,4856000000,210639382305
174900,앱클론,KOSDAQ,25200,-6.32,4815000000,502793650800
018670,SK가스,KOSPI,269500,-0.37,4755000000,2498061258000
079370,제우스,KOSDAQ,14100,0.21,4755000000,437339559000
019210,와이지-원,KOSDAQ,12130,-2.96,4734000000,451159920640
097800,윈팩,KOSDAQ,3600,1.12,4698000000,98244162000
041510,에스엠,KOSDAQ,77900,-1.39,4672000000,1783496351000
017960,한국카본,KOSPI,19260,-4.89,4668000000,995289120360
001210,금호전기,KOSPI,8490,-3.08,4644000000,107199825510
027360,아주IB투자,KOSDAQ,3565,-1.79,4616000000,431883372390
142210,유니트론텍,KOSDAQ,7320,5.17,4600000000,151900269960
039200,오스코텍,KOSDAQ,37600,-5.29,4582000000,1438507417600
100090,SK오션플랜트,KOSPI,12030,-2.98,4573000000,751611891870
383220,F&F,KOSPI,72900,-1.62,4573000000,2792585767500
171090,선익시스템,KOSDAQ,74700,2.89,4568000000,756533662200
007390,네이처셀,KOSDAQ,24700,0.0,4544000000,1591545883200
018290,브이티,KOSDAQ,13040,-4.82,4527000000,455641567520
035250,강원랜드,KOSPI,14220,-0.77,4500000000,3042233910000
140410,메지온,KOSDAQ,69000,2.22,4476000000,2121677688000
062970,한국첨단소재,KOSDAQ,3020,-6.07,4469000000,90969717460
115180,큐리언트,KOSDAQ,22350,-7.64,4469000000,838888274850
491000,리브스메드,KOSDAQ,37450,-2.09,4468000000,945809898950
034230,파라다이스,KOSPI,9800,-0.1,4454000000,907767943600
317400,자이에스앤디,KOSPI,9880,-0.3,4408000000,383171297600
052260,현대바이오랜드,KOSDAQ,4750,-4.71,4357000000,142500000000
003280,흥아해운,KOSPI,1849,0.43,4336000000,444545638251
248070,솔루엠,KOSPI,17100,-2.73,4308000000,817657635600
039440,에스티아이,KOSDAQ,25250,4.12,4273000000,391552936750
0113P0,HK 머니마켓액티브,KOSPI,102765,0.01,4265000000,51176970000
077970,STX엔진,KOSPI,20800,-5.88,4254000000,835079710400
001120,LX인터내셔널,KOSPI,43250,-1.59,4251000000,1676370000000
156100,엘앤케이바이오,KOSDAQ,7360,8.55,4241000000,164504486080
323350,다원넥스뷰,KOSDAQ,11290,18.72,4240000000,90441615880
0198A0,KIWOOM 코스닥150커버드콜액티브,KOSPI,8870,-0.89,4218000000,91361000000
298020,효성티앤씨,KOSPI,277000,-2.12,4210000000,1198767914000
455900,엔젤로보틱스,KOSDAQ,21050,-5.18,4167000000,324022250050
478340,나라스페이스테크놀로지,KOSDAQ,14450,-5.49,4163000000,167770496750
115440,우리넷,KOSDAQ,10910,-5.13,4136000000,117765725720
234340,헥토파이낸셜,KOSDAQ,22800,-0.44,4129000000,318530956800
219130,타이거일렉,KOSDAQ,97000,-1.02,4084000000,612486130000
126730,코칩,KOSDAQ,24200,-3.2,4040000000,212237049200
048910,대원미디어,KOSDAQ,8200,11.26,4039000000,103147357200
014620,성광벤드,KOSDAQ,28850,-1.87,3969000000,766179951400
181710,NHN,KOSPI,55800,-1.93,3966000000,1803956247000
035760,CJ ENM,KOSDAQ,35400,0.43,3960000000,776292051600
279570,케이뱅크,KOSPI,5270,-2.77,3928000000,2138013445770
0017J0,세미티에스,KOSDAQ,3400,0.89,3915000000,102513539400
089010,켐트로닉스,KOSDAQ,28200,-0.88,3903000000,472914761400
389470,인벤티지랩,KOSDAQ,26700,-10.85,3876000000,355315803600
006280,녹십자,KOSPI,128000,-1.92,3874000000,1495876864000
101730,위메이드맥스,KOSDAQ,4710,-15.44,3847000000,394713477060
419530,SAMG엔터,KOSDAQ,21850,-4.17,3824000000,223030313450
355150,코스텍시스,KOSDAQ,23500,-4.28,3821000000,183237725000
041960,코미팜,KOSDAQ,11340,3.09,3798000000,846170399340
101360,에코앤드림,KOSDAQ,8980,4.42,3766000000,159719303720
348210,넥스틴,KOSDAQ,39700,4.47,3743000000,415937098500
451060,1Q 200액티브,KOSPI,33895,-2.7,3724000000,427077000000
214370,케어젠,KOSDAQ,41450,-6.85,3700000000,2226486750000
189330,씨이랩,KOSDAQ,9900,-4.07,3691000000,92884611600
147760,피엠티,KOSDAQ,4460,10.53,3680000000,89200000000
086980,쇼박스,KOSDAQ,1978,14.73,3638000000,123502364000
123330,제닉,KOSDAQ,21900,-0.45,3637000000,174514092000
100840,SNT에너지,KOSPI,32000,-4.05,3626000000,632355456000
033100,제룡전기,KOSDAQ,48300,-1.73,3625000000,775814354700
417500,제이아이테크,KOSDAQ,4870,3.29,3605000000,159661703280
201490,미투온,KOSDAQ,3255,-4.41,3595000000,106515728130
458870,씨어스,KOSDAQ,26100,0.38,3594000000,1000813948200
168360,펨트론,KOSDAQ,15800,-0.57,3586000000,353802400600
0069M0,1Q 미국나스닥100,KOSPI,13760,-0.65,3558000000,203648000000
041830,인바디,KOSDAQ,51500,-3.01,3552000000,694265423000
213420,덕산네오룩스,KOSDAQ,29800,0.0,3535000000,739969134200
003690,코리안리,KOSPI,14540,-0.68,3509000000,2569523790740
032580,피델릭스,KOSDAQ,7570,-2.32,3492000000,250809724480
0162Y0,TIME 코스닥액티브,KOSPI,8575,1.18,3487000000,285118750000
0019K0,TIME 미국나스닥100채권혼합50액티브,KOSPI,13500,-0.59,3461000000,592650000000
192080,더블유게임즈,KOSPI,57000,-0.52,3453000000,1206887676000
036810,에프에스티,KOSDAQ,33500,-2.9,3443000000,725267931500
192650,드림텍,KOSPI,9030,-0.99,3432000000,594958065870
314130,지놈앤컴퍼니,KOSDAQ,5490,3.2,3422000000,287123843250
160980,싸이맥스,KOSDAQ,27100,-1.63,3416000000,296046985300
044490,태웅,KOSDAQ,35800,-2.59,3398000000,716264239800
005090,SGC에너지,KOSPI,45500,-4.11,3386000000,655624651500
403850,더핑크퐁컴퍼니,KOSDAQ,13540,6.45,3383000000,194312675400
254490,미래반도체,KOSDAQ,18890,2.94,3367000000,272733820000
003570,SNT다이내믹스,KOSPI,29050,-4.91,3350000000,965990847850
005850,에스엘,KOSPI,50000,-1.77,3346000000,2322426000000
0015B0,KoAct 미국나스닥성장기업액티브,KOSPI,19430,-1.74,3343000000,631475000000
000240,한국앤컴퍼니,KOSPI,26200,2.54,3342000000,2487303288000
115500,케이씨에스,KOSDAQ,11410,-4.44,3313000000,136920000000
097230,HJ중공업,KOSPI,14250,-4.17,3304000000,1286708652000
0039P0,매드업,KOSDAQ,7690,-4.11,3299000000,144628906000
302440,SK바이오사이언스,KOSPI,36850,-3.03,3245000000,2891123978050
480370,씨케이솔루션,KOSPI,2285,8.81,3238000000,74220017280
000120,CJ대한통운,KOSPI,69800,-0.71,3221000000,1592301611200
200710,에이디테크놀로지,KOSDAQ,28100,-1.75,3207000000,378282396700
025980,아난티,KOSDAQ,4905,-0.71,3188000000,477261355950
285130,SK케미칼,KOSPI,51200,-0.39,3183000000,885696819200
001250,GS글로벌,KOSPI,3205,4.57,3171000000,264520713620
122870,와이지엔터테인먼트,KOSDAQ,40500,-2.41,3156000000,756987484500
112040,위메이드,KOSDAQ,15480,-2.33,3154000000,525522516840
112290,와이씨켐,KOSDAQ,12370,-0.4,3088000000,250134883300
011210,현대위아,KOSPI,51000,-1.92,3078000000,1386949233000
448100,WON 200,KOSPI,108040,-2.76,3073000000,118844000000
457370,한켐,KOSDAQ,10690,-2.29,3055000000,86237662460
105840,우진,KOSPI,12360,-4.7,3037000000,249643201200
042520,한스바이오메드,KOSDAQ,20450,-9.51,2995000000,291644955150
067630,HLB생명과학,KOSDAQ,4520,8.0,2984000000,551065102160
336570,원텍,KOSDAQ,4955,-2.65,2983000000,442385600930
003010,혜인,KOSPI,8100,-2.64,2981000000,102973250700
494220,UNICORN SK하이닉스밸류체인액티브,KOSPI,52610,-1.69,2974000000,184135000000
443670,에스피소프트,KOSDAQ,4945,-5.09,2940000000,118732238980
051160,지어소프트,KOSDAQ,14220,3.19,2922000000,191723254560
032350,롯데관광개발,KOSPI,11070,-1.86,2917000000,882560820060
029780,삼성카드,KOSPI,41350,-0.96,2902000000,4790765142850
008970,KBI동양철관,KOSPI,1421,0.5,2882000000,147452774847
376900,로킷헬스케어,KOSDAQ,26850,-3.76,2864000000,468406036500
463050,TIME K바이오액티브,KOSPI,11105,-5.21,2844000000,209884500000
0009K0,에임드바이오,KOSDAQ,24650,-4.83,2842000000,1605643343650
069620,대웅제약,KOSPI,108600,-1.63,2840000000,1258302045000
092790,넥스틸,KOSPI,13340,-2.84,2838000000,346866680000
003530,한화투자증권,KOSPI,4365,-1.91,2822000000,936501037875
089790,제이티,KOSDAQ,7230,4.48,2815000000,74581158990
439260,대한조선,KOSPI,44800,-3.86,2804000000,1706375104000
104830,원익머트리얼즈,KOSDAQ,40650,-0.85,2802000000,512515200000
125020,티씨머티리얼즈,KOSDAQ,5920,-3.58,2769000000,207428216000
078340,컴투스,KOSDAQ,35750,-3.12,2768000000,432264439750
023160,태광,KOSDAQ,26200,-1.87,2736000000,677721740400
001510,SK증권,KOSPI,2220,-1.77,2725000000,513475088700
163730,핑거,KOSDAQ,14810,-0.74,2723000000,189060268770
272110,케이엔제이,KOSDAQ,33000,1.07,2712000000,264838035000
358570,지아이이노베이션,KOSDAQ,8450,-5.16,2698000000,545160250700
280360,롯데웰푸드,KOSPI,121400,-1.06,2673000000,1117435283600
476060,온코닉테라퓨틱스,KOSDAQ,14750,-4.9,2647000000,669765640000
214430,아이쓰리시스템,KOSDAQ,79200,-0.13,2638000000,578731428000
125210,아모그린텍,KOSDAQ,6730,5.49,2628000000,111023396700
206650,유바이오로직스,KOSDAQ,8480,-0.12,2621000000,311659563360
389500,에스비비테크,KOSDAQ,41250,-2.94,2612000000,274868220000
036200,유니셈,KOSDAQ,10780,0.56,2611000000,330560323940
001530,DI동일,KOSPI,26950,5.89,2599000000,558285985950
089860,롯데렌탈,KOSPI,51200,-0.19,2591000000,1859040665600
307180,아이엘,KOSDAQ,5630,-0.35,2563000000,207835255880
083310,엘오티베큠,KOSDAQ,13300,3.5,2553000000,236873438900
032500,케이엠더블유,KOSDAQ,19800,-1.0,2550000000,835395679800
004990,롯데지주,KOSPI,23050,-1.07,2541000000,2297250036800
290690,아리바이오홀딩스,KOSDAQ,3005,-6.09,2533000000,159483779025
077500,유니퀘스트,KOSPI,9960,1.94,2506000000,215137015920
006120,SK디스커버리,KOSPI,70100,-2.5,2482000000,1220703945100
249420,일동제약,KOSPI,14020,-5.33,2459000000,443568293040
413630,씨피시스템,KOSDAQ,4025,-4.96,2452000000,146657335125
412350,레이저쎌,KOSDAQ,6620,-0.15,2451000000,96672144660
086390,유니테스트,KOSDAQ,14430,-1.1,2447000000,304965438180
234690,녹십자웰빙,KOSDAQ,10850,-0.46,2443000000,194901696500
448900,한국피아이엠,KOSDAQ,53100,-2.39,2437000000,322553666700
225570,넥슨게임즈,KOSDAQ,9990,-4.31,2409000000,657943138260
003030,세아제강지주,KOSPI,103000,-3.74,2407000000,426590671000
272290,이녹스첨단소재,KOSDAQ,22300,1.13,2381000000,444606450700
383310,에코프로에이치엔,KOSDAQ,25200,-0.98,2366000000,528568286400
025560,미래산업,KOSPI,7850,-0.76,2357000000,218062622300
114810,한솔아이원스,KOSDAQ,14650,0.14,2347000000,412297499100
215200,메가스터디교육,KOSDAQ,38700,1.84,2334000000,401133859200
031330,에스에이엠티,KOSDAQ,8600,0.0,2329000000,859957576200
065350,신성델타테크,KOSDAQ,32450,-0.15,2327000000,891854112600
123010,MSDI,KOSDAQ,4805,3.67,2319000000,97136760435
259630,엠플러스,KOSDAQ,10570,2.32,2311000000,129190725720
089230,THE E&M,KOSDAQ,2270,11.0,2300000000,89486473580
251370,와이엠티,KOSDAQ,10060,-0.69,2297000000,181212922780
014950,삼익제약,KOSDAQ,7850,-3.09,2293000000,79030565800
006650,대한유화,KOSPI,89000,-1.77,2283000000,578500000000
376300,디어유,KOSDAQ,19480,3.23,2279000000,462424148880
172670,에이엘티,KOSDAQ,15120,1.89,2271000000,135479116080
052400,코나아이,KOSDAQ,35800,-0.42,2270000000,521365817800
204620,글로벌텍스프리,KOSDAQ,5720,-0.35,2246000000,402020647600
004000,롯데정밀화학,KOSPI,42050,-1.52,2230000000,1084890000000
011560,세보엠이씨,KOSDAQ,23000,-1.5,2224000000,231952056000
079650,서산,KOSDAQ,5230,-3.15,2219000000,104600000000
416180,신성에스티,KOSDAQ,28600,2.69,2183000000,258537650800
263600,덕우전자,KOSDAQ,4920,-2.96,2177000000,78377125200
005950,이수화학,KOSPI,11290,-1.4,2176000000,296861168010
003200,일신방직,KOSPI,11460,3.24,2174000000,263121600000
064260,다날,KOSDAQ,4445,-1.88,2172000000,336244056365
006140,피제이전자,KOSDAQ,5640,-1.74,2152000000,83838600000
009970,영원무역홀딩스,KOSPI,169700,-0.7,2150000000,2198262744900
265740,엔에프씨,KOSDAQ,7780,1.43,2145000000,138978808000
017890,한국알콜,KOSDAQ,16090,0.06,2144000000,332636711540
094170,동운아나텍,KOSDAQ,24700,-2.95,2125000000,516475419200
368770,파이버프로,KOSDAQ,13550,-3.35,2115000000,445174748750
033240,자화전자,KOSPI,26700,-2.73,2098000000,576866903400
0222D0,KoAct 고배당액티브,KOSPI,9940,-1.29,2086000000,67095000000
255220,SG,KOSDAQ,1043,-3.96,2084000000,157037523986
452260,한화갤러리아,KOSPI,2560,-2.48,2080000000,496280601600
303810,동국생명과학,KOSDAQ,2665,-3.09,2078000000,85237733100
059120,아진엑스텍,KOSDAQ,7440,-0.8,2054000000,136226891040
007070,GS리테일,KOSPI,21550,-4.01,2053000000,1801739793250
336370,솔루스첨단소재,KOSPI,8640,-2.7,2052000000,606634254720
068760,셀트리온제약,KOSDAQ,38800,-3.24,2036000000,1722810481600
445090,에이직랜드,KOSDAQ,23300,2.42,2007000000,254567831400
060280,큐렉소,KOSDAQ,8580,-1.15,2003000000,354008998200
045100,한양이엔지,KOSDAQ,33100,-1.49,1978000000,579250000000
002790,아모레퍼시픽홀딩스,KOSPI,25550,-3.58,1977000000,1953506499000
003540,대신증권,KOSPI,24300,-2.8,1977000000,1158286861800
005420,코스모화학,KOSPI,11610,1.22,1966000000,445919527080
253840,수젠텍,KOSDAQ,4545,-7.06,1965000000,76097844000
069080,웹젠,KOSDAQ,11910,-1.65,1963000000,368811908250
000020,동화약품,KOSPI,5410,-3.57,1955000000,151109252700
000210,DL,KOSPI,48200,-2.13,1943000000,1010073608800
0007C0,아크릴,KOSDAQ,17030,-7.29,1942000000,136756417720
0026S0,1Q 미국S&P500,KOSPI,12630,-0.51,1934000000,344799000000
211270,AP위성,KOSDAQ,8070,-5.72,1931000000,121714193280
009520,포스코엠텍,KOSDAQ,13120,-0.61,1930000000,546352263360
000670,영풍,KOSPI,40500,0.87,1900000000,745632661500
130660,한전산업,KOSPI,11720,-3.54,1900000000,382072000000
102120,어보브반도체,KOSDAQ,8630,0.58,1885000000,153447898390
261780,아리바이오랩,KOSDAQ,3695,0.68,1885000000,106992331320
0182S0,1Q K반도체TOP2채권혼합50,KOSPI,12520,-1.03,1882000000,232872000000
388790,라이콤,KOSDAQ,5210,-3.87,1882000000,159499773600
046890,서울반도체,KOSDAQ,10380,-0.19,1878000000,605210052000
067160,SOOP,KOSDAQ,37300,2.47,1856000000,417327021600
0120G0,삼양바이오팜,KOSPI,47550,-4.71,1849000000,353575618500
031210,서울보증보험,KOSPI,42250,-1.29,1845000000,2949962515500
003000,부광약품,KOSPI,4070,-4.68,1838000000,401565210970
092070,디엔에프,KOSDAQ,15560,7.09,1837000000,180058110480
388720,유일로보틱스,KOSDAQ,69400,-0.14,1831000000,817625343000
372320,큐로셀,KOSDAQ,26350,-0.57,1821000000,401235455200
010820,퍼스텍,KOSPI,5780,-3.67,1818000000,281901801640
318060,그래피,KOSDAQ,14880,-8.32,1810000000,166572329760
357580,아모센스,KOSDAQ,8540,1.79,1775000000,100684567480
209640,와이제이링크,KOSDAQ,3895,-1.77,1763000000,110786053670
031430,신세계인터내셔날,KOSPI,11030,2.04,1759000000,385895580000
020000,한섬,KOSPI,21300,-1.84,1745000000,457459972200
126640,화신정공,KOSDAQ,3795,0.26,1740000000,133037178450
456040,OCI,KOSPI,71100,-2.6,1729000000,636522394500
001060,JW중외제약,KOSPI,26250,-5.06,1726000000,611255662500
432470,케이엔에스,KOSDAQ,10420,2.86,1721000000,91399613520
000370,한화손해보험,KOSPI,7250,-1.23,1719000000,846357133750
389650,넥스트바이오메디컬,KOSDAQ,29700,-5.71,1704000000,245835394200
299660,셀리드,KOSDAQ,2530,-2.32,1698000000,74642531810
426020,TIME 미국S&P500액티브,KOSPI,31630,-0.89,1692000000,402966200000
950250,테라뷰,KOSDAQ,4080,-3.09,1689000000,145643482560
098070,한텍,KOSDAQ,23050,-4.16,1674000000,256342300050
289080,SV인베스트먼트,KOSDAQ,2685,0.19,1661000000,161471155605
484870,엠앤씨솔루션,KOSPI,18630,-3.32,1650000000,511611471000
371950,풍원정밀,KOSDAQ,3085,1.82,1645000000,72698055850
294870,IPARK현대산업개발,KOSPI,21850,-1.35,1642000000,1440075160500
475960,토모큐브,KOSDAQ,33200,-3.77,1636000000,447408976800
355690,에이텀,KOSDAQ,6380,11.34,1633000000,61059081820
029460,케이씨,KOSPI,46350,-1.9,1632000000,510801797250
424870,이뮨온시아,KOSDAQ,3275,-6.03,1631000000,299342430975
004800,효성,KOSPI,148400,-2.37,1622000000,2484276398800
023590,다우기술,KOSPI,36500,-3.18,1612000000,1579986888000
053690,한미글로벌,KOSPI,19700,-2.96,1609000000,215863735000
0111P0,1Q 미국나스닥100미국채혼합50액티브,KOSPI,10765,-0.42,1579000000,311108500000
484120,도우인시스,KOSDAQ,23250,0.0,1568000000,254760061500
495060,TIME 코리아밸류업액티브,KOSPI,27240,-2.4,1550000000,181146000000
009240,한샘,KOSPI,40500,0.0,1546000000,953124084000
298050,HS효성첨단소재,KOSPI,162100,-0.37,1533000000,726199570800
0155E0,해치텍,KOSDAQ,10790,-5.76,1530000000,59206348500
046120,오르비텍,KOSDAQ,4945,-4.54,1511000000,167415116185
253450,스튜디오드래곤,KOSDAQ,20950,1.21,1496000000,629725533100
0088M0,메쥬,KOSDAQ,15140,1.34,1483000000,149609695000
101970,우양에이치씨,KOSDAQ,9720,-3.67,1482000000,143758887480
001800,오리온홀딩스,KOSPI,22550,-1.1,1482000000,1356532502600
009290,광동제약,KOSPI,6840,-0.87,1481000000,340630686720
0043Y0,TIME 차이나AI테크액티브,KOSPI,18385,-2.75,1477000000,313464250000
178920,PI첨단소재,KOSPI,20650,1.47,1477000000,606414549300
005180,빙그레,KOSPI,87200,-1.58,1473000000,771005047200
230240,에치에프알,KOSDAQ,13250,-4.68,1472000000,176344250000
060250,NHN KCP,KOSDAQ,13260,-1.92,1471000000,532529701860
020560,아시아나항공,KOSPI,8200,-0.49,1461000000,1689123830200
110990,디아이티,KOSDAQ,18890,-0.05,1457000000,357021000000
205470,휴마시스,KOSDAQ,2890,-7.37,1456000000,71310752890
223250,드림씨아이에스,KOSDAQ,3880,0.13,1454000000,95449722720
294570,쿠콘,KOSDAQ,26000,-2.26,1448000000,262385032000
0011A0,액스비스,KOSDAQ,10520,-5.65,1441000000,98190944800
008730,율촌화학,KOSPI,15520,-1.65,1424000000,384896000000
306200,세아제강,KOSPI,143100,-3.64,1421000000,405874530000
493280,아이엠바이오로직스,KOSDAQ,18620,-1.22,1415000000,276431793820
278280,천보,KOSDAQ,38900,1.17,1398000000,476642672500
382900,범한퓨얼셀,KOSDAQ,24400,-2.98,1396000000,213768400000
108320,LX세미콘,KOSPI,37600,0.0,1391000000,611537680000
338220,뷰노,KOSDAQ,7940,-3.76,1387000000,111174474620
000400,롯데손해보험,KOSPI,2295,2.46,1385000000,712221854400
012860,모베이스전자,KOSDAQ,2450,-0.41,1382000000,179421969650
012630,HDC,KOSPI,24050,6.42,1378000000,1436788390050
049080,기가레인,KOSDAQ,9050,-4.54,1376000000,76819422700
322310,오로스테크놀로지,KOSDAQ,16180,0.25,1372000000,151550649560
085660,차바이오텍,KOSDAQ,8160,-4.67,1370000000,758658423360
005880,대한해운,KOSPI,2030,-1.93,1358000000,655177100200
432720,퀄리타스반도체,KOSDAQ,11580,-1.61,1352000000,164292083760
145720,덴티움,KOSPI,40150,0.38,1349000000,346249223650
473980,노머스,KOSDAQ,11300,8.97,1343000000,122975097600
073490,LIG아큐버,KOSDAQ,32900,-1.64,1339000000,250166533400
002220,한일철강,KOSPI,3030,4.66,1337000000,80893303800
373200,엑스플러스,KOSDAQ,2040,9.8,1335000000,51088203480
061970,LB세미콘,KOSDAQ,4675,-0.32,1316000000,327638053050
476850,KoAct 배당성장액티브,KOSPI,21295,-2.29,1313000000,107539750000
439090,마녀공장,KOSDAQ,15150,-5.61,1311000000,248357889000
075580,세진중공업,KOSPI,9310,-5.1,1311000000,529268435360
488900,비츠로넥스텍,KOSDAQ,9970,-8.53,1309000000,288895136710
018000,유니슨,KOSDAQ,1117,-4.86,1307000000,326065790009
340570,티앤엘,KOSDAQ,27450,-3.85,1303000000,441124794000
134580,엔키AX,KOSDAQ,2270,-4.22,1302000000,111897718230
0193G0,KoAct 코스피액티브,KOSPI,8200,-2.67,1299000000,150060000000
084010,대한제강,KOSPI,8740,-2.24,1296000000,300407749040
053260,금강철강,KOSDAQ,6580,-4.36,1287000000,123177600000
036890,진성티이씨,KOSDAQ,10640,-5.25,1277000000,234427108720
479080,1Q 머니마켓액티브,KOSPI,53960,0.0,1276000000,872749040000
462870,시프트업,KOSPI,30550,-2.55,1274000000,1794564739500
460930,현대힘스,KOSDAQ,12320,-3.9,1264000000,437491466720
049430,코메론,KOSDAQ,22900,4.57,1257000000,207199200000
237880,클리오,KOSDAQ,12140,-2.33,1254000000,219386225420
317330,덕산테코피아,KOSDAQ,13420,-2.4,1251000000,274795757280
215600,신라젠,KOSDAQ,2320,-2.52,1232000000,321444268480
094360,칩스앤미디어,KOSDAQ,12660,-1.56,1220000000,270357768840
008830,대동기어,KOSDAQ,6100,-4.09,1218000000,117009687600
008350,남선알미늄,KOSPI,1091,1.68,1202000000,140825287190
0174B0,KoAct 글로벌AI메모리반도체액티브,KOSPI,15115,-0.85,1191000000,109583750000
094480,갤럭시아머니트리,KOSDAQ,5550,-1.77,1188000000,217725600900
499790,GS피앤엘,KOSPI,37200,-1.85,1178000000,737707285200
063160,종근당바이오,KOSPI,13980,-7.23,1177000000,76693748760
033500,동성화인텍,KOSDAQ,15190,-3.0,1172000000,455540413860
085670,뉴프렉스,KOSDAQ,3875,3.06,1171000000,94940448875
005300,롯데칠성,KOSPI,94800,-0.52,1165000000,879638203200
051370,인터플렉스,KOSDAQ,7080,-0.56,1163000000,165158501760
394420,리센스메디컬,KOSDAQ,7870,-7.85,1160000000,86567646870
082270,젬백스,KOSDAQ,10650,-3.97,1157000000,484368251550
137310,에스디바이오센서,KOSPI,6480,-5.4,1157000000,782454180960
049630,재영솔루텍,KOSDAQ,6950,-1.42,1157000000,162387716050
192250,케이사인,KOSDAQ,8880,-4.31,1154000000,62756070000
045390,대아티아이,KOSDAQ,2990,-0.83,1153000000,210715397230
393210,토마토시스템,KOSDAQ,3405,-4.08,1149000000,53167522320
037350,성도이엔지,KOSDAQ,8400,0.36,1147000000,127764000000
001200,유진투자증권,KOSPI,3970,-1.24,1145000000,384559679460
006040,동원산업,KOSPI,35050,-0.28,1144000000,1547135705950
474650,링크솔루션,KOSDAQ,25550,-4.66,1143000000,146996355100
065170,비엘팜텍,KOSDAQ,2380,-0.42,1141000000,66434827340
035510,신세계 I&C,KOSPI,14680,-2.91,1141000000,205239612000
064960,SNT모티브,KOSPI,26250,-1.5,1135000000,696682140000
104540,코렌텍,KOSDAQ,5970,2.23,1134000000,80042237700
086900,메디톡스,KOSDAQ,66100,-2.07,1133000000,482430651700
026960,동서,KOSPI,26300,-0.57,1129000000,2622110000000
071320,지역난방공사,KOSPI,77100,-2.41,1128000000,892721162400
185750,종근당,KOSPI,65400,-1.21,1126000000,902701812000
351320,넥사다이내믹스,KOSDAQ,4445,2.66,1122000000,193337653075
228760,지노믹트리,KOSDAQ,11150,-6.62,1121000000,277180102300
011500,한농화성,KOSPI,14770,0.75,1120000000,230959110340
0172V0,1Q 은액티브,KOSPI,7425,-2.75,1114000000,55687500000
032300,한국파마,KOSDAQ,8440,-6.53,1114000000,92052556440
049070,인탑스,KOSDAQ,18650,-0.48,1107000000,293593895000
473490,KIWOOM 글로벌AI반도체,KOSPI,33840,-1.77,1107000000,50760000000
405100,큐알티,KOSDAQ,17630,-2.11,1102000000,216660376630
108860,셀바스AI,KOSDAQ,8760,-2.34,1101000000,235773560400
002320,한진,KOSPI,17140,1.66,1095000000,265989078240
146320,비씨엔씨,KOSDAQ,12290,6.41,1091000000,157286473670
079900,전진건설로봇,KOSPI,38000,-2.69,1091000000,554516710000
007610,선도전기,KOSPI,4090,-3.54,1089000000,73620000000
304100,솔트룩스,KOSDAQ,13930,-6.13,1088000000,175432400150
092200,디아이씨,KOSPI,5730,0.35,1088000000,222831500370
016380,KG스틸,KOSPI,5530,-1.25,1077000000,553049200410
061090,세나테크놀로지,KOSDAQ,43300,-0.92,1072000000,236744915000
004100,태양금속,KOSPI,3205,0.31,1072000000,117623500000
403790,MIDAS 코스피액티브,KOSPI,56300,-2.24,1071000000,164677500000
004090,한국석유,KOSPI,11780,0.43,1061000000,149536733600
064550,바이오니아,KOSDAQ,8440,-2.99,1057000000,217838856040
025320,시노펙스,KOSDAQ,3965,-0.63,1055000000,365655285645
009470,삼화전기,KOSPI,26800,-0.56,1052000000,177250376000
236200,슈프리마,KOSDAQ,54600,-0.36,1051000000,380797380600
032940,원익,KOSDAQ,8630,-1.48,1047000000,157007152030
452430,사피엔반도체,KOSDAQ,35300,-0.56,1044000000,291416361300
071200,인피니트헬스케어,KOSDAQ,10850,-5.07,1044000000,264701569300
299170,더블유에스아이,KOSDAQ,1465,-0.48,1040000000,60814036920
372170,윤성에프앤씨,KOSDAQ,23900,1.49,1036000000,190699247200
300720,한일시멘트,KOSPI,16150,-0.19,1034000000,1187755125350
054210,이랜텍,KOSDAQ,7140,-0.56,1025000000,180579239400
126700,하이비젼시스템,KOSDAQ,12470,0.32,1023000000,186328136640
212560,네오오토,KOSDAQ,10360,-1.52,1021000000,139718565280
365340,성일하이텍,KOSDAQ,37450,-0.13,1018000000,483895756750
478150,TIME 글로벌우주테크&방산액티브,KOSPI,16940,-2.64,1012000000,201586000000
234030,싸이닉솔루션,KOSDAQ,3725,-0.4,1012000000,87928625000
053300,한국정보인증,KOSDAQ,5260,-2.23,1010000000,208112667960
036710,심텍홀딩스,KOSDAQ,5020,-1.18,1007000000,265195325080
153890,져스텍,KOSDAQ,8590,-1.94,1004000000,103512119950
129920,대성하이텍,KOSDAQ,6980,-2.24,1004000000,113415898080
081180,쎄크,KOSDAQ,6090,-6.6,1003000000,53747508150
